{
  "name": "Python 3",
  "build": {
    "dockerfile": "Dockerfile",
    "args": {
      "VARIANT": "3.10",
      "INSTALL_NODE": "true",
      "NODE_VERSION": "lts/*"
    }
  },
  "settings": {
    "terminal.integrated.profiles.linux": {
      "bash (login)": {
        "path": "bash",
        "args": [
          "-l"
        ]
      }
    },
    "python.pythonPath": "/usr/local/bin/python",
    "python.languageServer": "Pylance",
    "python.linting.enabled": true,
    "python.linting.pylintEnabled": true,
    "python.formatting.autopep8Path": "/usr/local/py-utils/bin/autopep8",
    "python.formatting.blackPath": "/usr/local/py-utils/bin/black",
    "python.formatting.yapfPath": "/usr/local/py-utils/bin/yapf",
    "python.linting.banditPath": "/usr/local/py-utils/bin/bandit",
    "python.linting.flake8Path": "/usr/local/py-utils/bin/flake8",
    "python.linting.mypyPath": "/usr/local/py-utils/bin/mypy",
    "python.linting.pycodestylePath": "/usr/local/py-utils/bin/pycodestyle",
    "python.linting.pydocstylePath": "/usr/local/py-utils/bin/pydocstyle",
    "python.linting.pylintPath": "/usr/local/py-utils/bin/pylint"
  },
  "extensions": [
    "github.vscode-pull-request-github",
    "ms-python.python",
    "ms-python.vscode-pylance",
    "redhat.vscode-yaml"
  ],
  "forwardPorts": [],
  "postCreateCommand": "ansible-galaxy collection install -r requirements.yml -p ./collections && ansible-galaxy role install -r requirements.yml -p ./roles",
  "remoteUser": "vscode"
}